--
-- PostgreSQL database dump
--

-- Dumped from database version 17.4
-- Dumped by pg_dump version 17.4

SET statement_timeout = 0;
SET lock_timeout = 0;
SET idle_in_transaction_session_timeout = 0;
SET transaction_timeout = 0;
SET client_encoding = 'UTF8';
SET standard_conforming_strings = on;
SELECT pg_catalog.set_config('search_path', '', false);
SET check_function_bodies = false;
SET xmloption = content;
SET client_min_messages = warning;
SET row_security = off;

SET default_tablespace = '';

SET default_table_access_method = heap;

--
-- Name: auth_group; Type: TABLE; Schema: public; Owner: postgres
--

CREATE TABLE public.auth_group (
    id integer NOT NULL,
    name character varying(150) NOT NULL
);


ALTER TABLE public.auth_group OWNER TO postgres;

--
-- Name: auth_group_id_seq; Type: SEQUENCE; Schema: public; Owner: postgres
--

ALTER TABLE public.auth_group ALTER COLUMN id ADD GENERATED BY DEFAULT AS IDENTITY (
    SEQUENCE NAME public.auth_group_id_seq
    START WITH 1
    INCREMENT BY 1
    NO MINVALUE
    NO MAXVALUE
    CACHE 1
);


--
-- Name: auth_group_permissions; Type: TABLE; Schema: public; Owner: postgres
--

CREATE TABLE public.auth_group_permissions (
    id bigint NOT NULL,
    group_id integer NOT NULL,
    permission_id integer NOT NULL
);


ALTER TABLE public.auth_group_permissions OWNER TO postgres;

--
-- Name: auth_group_permissions_id_seq; Type: SEQUENCE; Schema: public; Owner: postgres
--

ALTER TABLE public.auth_group_permissions ALTER COLUMN id ADD GENERATED BY DEFAULT AS IDENTITY (
    SEQUENCE NAME public.auth_group_permissions_id_seq
    START WITH 1
    INCREMENT BY 1
    NO MINVALUE
    NO MAXVALUE
    CACHE 1
);


--
-- Name: auth_permission; Type: TABLE; Schema: public; Owner: postgres
--

CREATE TABLE public.auth_permission (
    id integer NOT NULL,
    name character varying(255) NOT NULL,
    content_type_id integer NOT NULL,
    codename character varying(100) NOT NULL
);


ALTER TABLE public.auth_permission OWNER TO postgres;

--
-- Name: auth_permission_id_seq; Type: SEQUENCE; Schema: public; Owner: postgres
--

ALTER TABLE public.auth_permission ALTER COLUMN id ADD GENERATED BY DEFAULT AS IDENTITY (
    SEQUENCE NAME public.auth_permission_id_seq
    START WITH 1
    INCREMENT BY 1
    NO MINVALUE
    NO MAXVALUE
    CACHE 1
);


--
-- Name: django_admin_log; Type: TABLE; Schema: public; Owner: postgres
--

CREATE TABLE public.django_admin_log (
    id integer NOT NULL,
    action_time timestamp with time zone NOT NULL,
    object_id text,
    object_repr character varying(200) NOT NULL,
    action_flag smallint NOT NULL,
    change_message text NOT NULL,
    content_type_id integer,
    user_id bigint NOT NULL,
    CONSTRAINT django_admin_log_action_flag_check CHECK ((action_flag >= 0))
);


ALTER TABLE public.django_admin_log OWNER TO postgres;

--
-- Name: django_admin_log_id_seq; Type: SEQUENCE; Schema: public; Owner: postgres
--

ALTER TABLE public.django_admin_log ALTER COLUMN id ADD GENERATED BY DEFAULT AS IDENTITY (
    SEQUENCE NAME public.django_admin_log_id_seq
    START WITH 1
    INCREMENT BY 1
    NO MINVALUE
    NO MAXVALUE
    CACHE 1
);


--
-- Name: django_content_type; Type: TABLE; Schema: public; Owner: postgres
--

CREATE TABLE public.django_content_type (
    id integer NOT NULL,
    app_label character varying(100) NOT NULL,
    model character varying(100) NOT NULL
);


ALTER TABLE public.django_content_type OWNER TO postgres;

--
-- Name: django_content_type_id_seq; Type: SEQUENCE; Schema: public; Owner: postgres
--

ALTER TABLE public.django_content_type ALTER COLUMN id ADD GENERATED BY DEFAULT AS IDENTITY (
    SEQUENCE NAME public.django_content_type_id_seq
    START WITH 1
    INCREMENT BY 1
    NO MINVALUE
    NO MAXVALUE
    CACHE 1
);


--
-- Name: django_migrations; Type: TABLE; Schema: public; Owner: postgres
--

CREATE TABLE public.django_migrations (
    id bigint NOT NULL,
    app character varying(255) NOT NULL,
    name character varying(255) NOT NULL,
    applied timestamp with time zone NOT NULL
);


ALTER TABLE public.django_migrations OWNER TO postgres;

--
-- Name: django_migrations_id_seq; Type: SEQUENCE; Schema: public; Owner: postgres
--

ALTER TABLE public.django_migrations ALTER COLUMN id ADD GENERATED BY DEFAULT AS IDENTITY (
    SEQUENCE NAME public.django_migrations_id_seq
    START WITH 1
    INCREMENT BY 1
    NO MINVALUE
    NO MAXVALUE
    CACHE 1
);


--
-- Name: django_session; Type: TABLE; Schema: public; Owner: postgres
--

CREATE TABLE public.django_session (
    session_key character varying(40) NOT NULL,
    session_data text NOT NULL,
    expire_date timestamp with time zone NOT NULL
);


ALTER TABLE public.django_session OWNER TO postgres;

--
-- Name: machine_readings; Type: TABLE; Schema: public; Owner: postgres
--

CREATE TABLE public.machine_readings (
    id bigint NOT NULL,
    "timestamp" timestamp with time zone NOT NULL,
    temperature double precision,
    vibration_level double precision,
    oil_pressure double precision,
    runtime_hours integer,
    custom_readings jsonb NOT NULL,
    inspection_photo character varying(100),
    notes text NOT NULL,
    is_anomaly boolean NOT NULL,
    anomaly_reason text NOT NULL,
    logged_by_id bigint,
    machine_id bigint NOT NULL
);


ALTER TABLE public.machine_readings OWNER TO postgres;

--
-- Name: machine_readings_id_seq; Type: SEQUENCE; Schema: public; Owner: postgres
--

ALTER TABLE public.machine_readings ALTER COLUMN id ADD GENERATED BY DEFAULT AS IDENTITY (
    SEQUENCE NAME public.machine_readings_id_seq
    START WITH 1
    INCREMENT BY 1
    NO MINVALUE
    NO MAXVALUE
    CACHE 1
);


--
-- Name: machines; Type: TABLE; Schema: public; Owner: postgres
--

CREATE TABLE public.machines (
    id bigint NOT NULL,
    machine_id character varying(50) NOT NULL,
    machine_name character varying(100) NOT NULL,
    machine_type character varying(100) NOT NULL,
    manufacturer character varying(100) NOT NULL,
    model_number character varying(100) NOT NULL,
    location character varying(100) NOT NULL,
    installation_date date NOT NULL,
    warranty_expiry date,
    status character varying(20) NOT NULL,
    maintenance_frequency_days integer NOT NULL,
    last_maintenance_date date,
    next_maintenance_date date,
    specifications jsonb NOT NULL,
    manual_document character varying(100),
    machine_photo character varying(100),
    qr_code character varying(100),
    created_at timestamp with time zone NOT NULL,
    updated_at timestamp with time zone NOT NULL,
    created_by_id bigint
);


ALTER TABLE public.machines OWNER TO postgres;

--
-- Name: machines_id_seq; Type: SEQUENCE; Schema: public; Owner: postgres
--

ALTER TABLE public.machines ALTER COLUMN id ADD GENERATED BY DEFAULT AS IDENTITY (
    SEQUENCE NAME public.machines_id_seq
    START WITH 1
    INCREMENT BY 1
    NO MINVALUE
    NO MAXVALUE
    CACHE 1
);


--
-- Name: spare_part_usage; Type: TABLE; Schema: public; Owner: postgres
--

CREATE TABLE public.spare_part_usage (
    id bigint NOT NULL,
    quantity_used integer NOT NULL,
    notes text NOT NULL,
    recorded_at timestamp with time zone NOT NULL,
    spare_part_id bigint NOT NULL,
    work_order_id bigint NOT NULL
);


ALTER TABLE public.spare_part_usage OWNER TO postgres;

--
-- Name: spare_part_usage_id_seq; Type: SEQUENCE; Schema: public; Owner: postgres
--

ALTER TABLE public.spare_part_usage ALTER COLUMN id ADD GENERATED BY DEFAULT AS IDENTITY (
    SEQUENCE NAME public.spare_part_usage_id_seq
    START WITH 1
    INCREMENT BY 1
    NO MINVALUE
    NO MAXVALUE
    CACHE 1
);


--
-- Name: spare_parts; Type: TABLE; Schema: public; Owner: postgres
--

CREATE TABLE public.spare_parts (
    id bigint NOT NULL,
    part_id character varying(50) NOT NULL,
    part_name character varying(200) NOT NULL,
    description text NOT NULL,
    quantity_in_stock integer NOT NULL,
    minimum_stock_level integer NOT NULL,
    unit_cost numeric(10,2) NOT NULL,
    supplier_name character varying(100) NOT NULL,
    supplier_contact character varying(100) NOT NULL,
    created_at timestamp with time zone NOT NULL,
    updated_at timestamp with time zone NOT NULL
);


ALTER TABLE public.spare_parts OWNER TO postgres;

--
-- Name: spare_parts_compatible_machines; Type: TABLE; Schema: public; Owner: postgres
--

CREATE TABLE public.spare_parts_compatible_machines (
    id bigint NOT NULL,
    sparepart_id bigint NOT NULL,
    machine_id bigint NOT NULL
);


ALTER TABLE public.spare_parts_compatible_machines OWNER TO postgres;

--
-- Name: spare_parts_compatible_machines_id_seq; Type: SEQUENCE; Schema: public; Owner: postgres
--

ALTER TABLE public.spare_parts_compatible_machines ALTER COLUMN id ADD GENERATED BY DEFAULT AS IDENTITY (
    SEQUENCE NAME public.spare_parts_compatible_machines_id_seq
    START WITH 1
    INCREMENT BY 1
    NO MINVALUE
    NO MAXVALUE
    CACHE 1
);


--
-- Name: spare_parts_id_seq; Type: SEQUENCE; Schema: public; Owner: postgres
--

ALTER TABLE public.spare_parts ALTER COLUMN id ADD GENERATED BY DEFAULT AS IDENTITY (
    SEQUENCE NAME public.spare_parts_id_seq
    START WITH 1
    INCREMENT BY 1
    NO MINVALUE
    NO MAXVALUE
    CACHE 1
);


--
-- Name: users; Type: TABLE; Schema: public; Owner: postgres
--

CREATE TABLE public.users (
    id bigint NOT NULL,
    password character varying(128) NOT NULL,
    last_login timestamp with time zone,
    is_superuser boolean NOT NULL,
    username character varying(150) NOT NULL,
    first_name character varying(150) NOT NULL,
    last_name character varying(150) NOT NULL,
    email character varying(254) NOT NULL,
    is_staff boolean NOT NULL,
    is_active boolean NOT NULL,
    date_joined timestamp with time zone NOT NULL,
    role character varying(20) NOT NULL,
    phone_number character varying(15) NOT NULL,
    factory_location character varying(100) NOT NULL,
    profile_photo character varying(100)
);


ALTER TABLE public.users OWNER TO postgres;

--
-- Name: users_groups; Type: TABLE; Schema: public; Owner: postgres
--

CREATE TABLE public.users_groups (
    id bigint NOT NULL,
    customuser_id bigint NOT NULL,
    group_id integer NOT NULL
);


ALTER TABLE public.users_groups OWNER TO postgres;

--
-- Name: users_groups_id_seq; Type: SEQUENCE; Schema: public; Owner: postgres
--

ALTER TABLE public.users_groups ALTER COLUMN id ADD GENERATED BY DEFAULT AS IDENTITY (
    SEQUENCE NAME public.users_groups_id_seq
    START WITH 1
    INCREMENT BY 1
    NO MINVALUE
    NO MAXVALUE
    CACHE 1
);


--
-- Name: users_id_seq; Type: SEQUENCE; Schema: public; Owner: postgres
--

ALTER TABLE public.users ALTER COLUMN id ADD GENERATED BY DEFAULT AS IDENTITY (
    SEQUENCE NAME public.users_id_seq
    START WITH 1
    INCREMENT BY 1
    NO MINVALUE
    NO MAXVALUE
    CACHE 1
);


--
-- Name: users_user_permissions; Type: TABLE; Schema: public; Owner: postgres
--

CREATE TABLE public.users_user_permissions (
    id bigint NOT NULL,
    customuser_id bigint NOT NULL,
    permission_id integer NOT NULL
);


ALTER TABLE public.users_user_permissions OWNER TO postgres;

--
-- Name: users_user_permissions_id_seq; Type: SEQUENCE; Schema: public; Owner: postgres
--

ALTER TABLE public.users_user_permissions ALTER COLUMN id ADD GENERATED BY DEFAULT AS IDENTITY (
    SEQUENCE NAME public.users_user_permissions_id_seq
    START WITH 1
    INCREMENT BY 1
    NO MINVALUE
    NO MAXVALUE
    CACHE 1
);


--
-- Name: work_orders; Type: TABLE; Schema: public; Owner: postgres
--

CREATE TABLE public.work_orders (
    id bigint NOT NULL,
    work_order_id character varying(50) NOT NULL,
    title character varying(200) NOT NULL,
    description text NOT NULL,
    status character varying(20) NOT NULL,
    priority character varying(20) NOT NULL,
    scheduled_date date NOT NULL,
    started_at timestamp with time zone,
    completed_at timestamp with time zone,
    labor_hours double precision NOT NULL,
    labor_cost numeric(10,2) NOT NULL,
    parts_cost numeric(10,2) NOT NULL,
    completion_notes text NOT NULL,
    digital_signature character varying(100),
    created_at timestamp with time zone NOT NULL,
    updated_at timestamp with time zone NOT NULL,
    assigned_to_id bigint,
    created_by_id bigint,
    machine_id bigint NOT NULL
);


ALTER TABLE public.work_orders OWNER TO postgres;

--
-- Name: work_orders_id_seq; Type: SEQUENCE; Schema: public; Owner: postgres
--

ALTER TABLE public.work_orders ALTER COLUMN id ADD GENERATED BY DEFAULT AS IDENTITY (
    SEQUENCE NAME public.work_orders_id_seq
    START WITH 1
    INCREMENT BY 1
    NO MINVALUE
    NO MAXVALUE
    CACHE 1
);


--
-- Data for Name: auth_group; Type: TABLE DATA; Schema: public; Owner: postgres
--

COPY public.auth_group (id, name) FROM stdin;
\.


--
-- Data for Name: auth_group_permissions; Type: TABLE DATA; Schema: public; Owner: postgres
--

COPY public.auth_group_permissions (id, group_id, permission_id) FROM stdin;
\.


--
-- Data for Name: auth_permission; Type: TABLE DATA; Schema: public; Owner: postgres
--

COPY public.auth_permission (id, name, content_type_id, codename) FROM stdin;
1	Can add log entry	1	add_logentry
2	Can change log entry	1	change_logentry
3	Can delete log entry	1	delete_logentry
4	Can view log entry	1	view_logentry
5	Can add permission	2	add_permission
6	Can change permission	2	change_permission
7	Can delete permission	2	delete_permission
8	Can view permission	2	view_permission
9	Can add group	3	add_group
10	Can change group	3	change_group
11	Can delete group	3	delete_group
12	Can view group	3	view_group
13	Can add content type	4	add_contenttype
14	Can change content type	4	change_contenttype
15	Can delete content type	4	delete_contenttype
16	Can view content type	4	view_contenttype
17	Can add session	5	add_session
18	Can change session	5	change_session
19	Can delete session	5	delete_session
20	Can view session	5	view_session
21	Can add custom user	6	add_customuser
22	Can change custom user	6	change_customuser
23	Can delete custom user	6	delete_customuser
24	Can view custom user	6	view_customuser
25	Can add machine	7	add_machine
26	Can change machine	7	change_machine
27	Can delete machine	7	delete_machine
28	Can view machine	7	view_machine
29	Can add machine reading	8	add_machinereading
30	Can change machine reading	8	change_machinereading
31	Can delete machine reading	8	delete_machinereading
32	Can view machine reading	8	view_machinereading
33	Can add spare part	9	add_sparepart
34	Can change spare part	9	change_sparepart
35	Can delete spare part	9	delete_sparepart
36	Can view spare part	9	view_sparepart
37	Can add work order	10	add_workorder
38	Can change work order	10	change_workorder
39	Can delete work order	10	delete_workorder
40	Can view work order	10	view_workorder
41	Can add spare part usage	11	add_sparepartusage
42	Can change spare part usage	11	change_sparepartusage
43	Can delete spare part usage	11	delete_sparepartusage
44	Can view spare part usage	11	view_sparepartusage
\.


--
-- Data for Name: django_admin_log; Type: TABLE DATA; Schema: public; Owner: postgres
--

COPY public.django_admin_log (id, action_time, object_id, object_repr, action_flag, change_message, content_type_id, user_id) FROM stdin;
\.


--
-- Data for Name: django_content_type; Type: TABLE DATA; Schema: public; Owner: postgres
--

COPY public.django_content_type (id, app_label, model) FROM stdin;
1	admin	logentry
2	auth	permission
3	auth	group
4	contenttypes	contenttype
5	sessions	session
6	authentication	customuser
7	machines	machine
8	machines	machinereading
9	maintenance	sparepart
10	maintenance	workorder
11	maintenance	sparepartusage
\.


--
-- Data for Name: django_migrations; Type: TABLE DATA; Schema: public; Owner: postgres
--

COPY public.django_migrations (id, app, name, applied) FROM stdin;
1	contenttypes	0001_initial	2025-11-12 23:09:27.32996+05:30
2	contenttypes	0002_remove_content_type_name	2025-11-12 23:09:27.338958+05:30
3	auth	0001_initial	2025-11-12 23:09:27.376958+05:30
4	auth	0002_alter_permission_name_max_length	2025-11-12 23:09:27.380981+05:30
5	auth	0003_alter_user_email_max_length	2025-11-12 23:09:27.383993+05:30
6	auth	0004_alter_user_username_opts	2025-11-12 23:09:27.387971+05:30
7	auth	0005_alter_user_last_login_null	2025-11-12 23:09:27.39096+05:30
8	auth	0006_require_contenttypes_0002	2025-11-12 23:09:27.391957+05:30
9	auth	0007_alter_validators_add_error_messages	2025-11-12 23:09:27.394958+05:30
10	auth	0008_alter_user_username_max_length	2025-11-12 23:09:27.397958+05:30
11	auth	0009_alter_user_last_name_max_length	2025-11-12 23:09:27.400957+05:30
12	auth	0010_alter_group_name_max_length	2025-11-12 23:09:27.405956+05:30
13	auth	0011_update_proxy_permissions	2025-11-12 23:09:27.409961+05:30
14	auth	0012_alter_user_first_name_max_length	2025-11-12 23:09:27.412958+05:30
15	authentication	0001_initial	2025-11-12 23:09:27.449957+05:30
16	admin	0001_initial	2025-11-12 23:09:27.465958+05:30
17	admin	0002_logentry_remove_auto_add	2025-11-12 23:09:27.47196+05:30
18	admin	0003_logentry_add_action_flag_choices	2025-11-12 23:09:27.478964+05:30
19	machines	0001_initial	2025-11-12 23:09:27.561958+05:30
20	maintenance	0001_initial	2025-11-12 23:09:27.679957+05:30
21	sessions	0001_initial	2025-11-12 23:09:27.686959+05:30
\.


--
-- Data for Name: django_session; Type: TABLE DATA; Schema: public; Owner: postgres
--

COPY public.django_session (session_key, session_data, expire_date) FROM stdin;
xnopt0l4ni4j9fc54szthi12nm2vr6y0	.eJxVjMsOwiAQRf-FtSHtgDxcuu83EGYGpGogKe3K-O_apAvd3nPOfYkQt7WEraclzCwuYhSn3w0jPVLdAd9jvTVJra7LjHJX5EG7nBqn5_Vw_w5K7OVbJ0JyqMCwYmV9VJnB-tGQ15iN1YaURufAm3McLCZgyJ51RhgIE4J4fwDzbDhr:1vJEpD:wrZ1wEP02PPrbmBdJBacYWlHAkz169XNEtvvKNh5aAg	2025-11-26 23:10:07.987121+05:30
e9s7sx88mgcm94pxspp83flaim5jk0zp	.eJxVjMsOwiAQRf-FtSHtgDxcuu83EGYGpGogKe3K-O_apAvd3nPOfYkQt7WEraclzCwuYhSn3w0jPVLdAd9jvTVJra7LjHJX5EG7nBqn5_Vw_w5K7OVbJ0JyqMCwYmV9VJnB-tGQ15iN1YaURufAm3McLCZgyJ51RhgIE4J4fwDzbDhr:1vJFQy:08Pz16kWJ_2wgqPDH-L5YFNCNOKp4_2bhWPfqtRNNfI	2025-11-26 23:49:08.268664+05:30
\.


--
-- Data for Name: machine_readings; Type: TABLE DATA; Schema: public; Owner: postgres
--

COPY public.machine_readings (id, "timestamp", temperature, vibration_level, oil_pressure, runtime_hours, custom_readings, inspection_photo, notes, is_anomaly, anomaly_reason, logged_by_id, machine_id) FROM stdin;
1	2025-11-12 23:53:31.337015+05:30	72	2	\N	\N	{}			f		2	1
2	2025-11-12 23:53:35.596339+05:30	95	8.5	\N	\N	{}			f		2	1
3	2025-11-12 23:54:33.90162+05:30	72	2	\N	\N	{}			f		2	1
4	2025-11-12 23:54:35.975428+05:30	73	2.1	\N	\N	{}			f		2	1
5	2025-11-12 23:54:38.048025+05:30	74	2.2	\N	\N	{}			f		2	1
6	2025-11-12 23:54:42.257047+05:30	95	8.5	\N	\N	{}			f		2	1
7	2025-11-12 23:56:22.734799+05:30	72	2	\N	\N	{}			f		2	2
8	2025-11-12 23:56:24.831974+05:30	73	2.1	\N	\N	{}			f		2	2
9	2025-11-12 23:56:26.921003+05:30	74	2.2	\N	\N	{}			f		2	2
10	2025-11-12 23:56:31.100566+05:30	95	8.5	\N	\N	{}			t	Temperature anomaly: 95.0°C (normal: 73.0±0.8); Vibration anomaly: 8.5 (normal: 2.1±0.1)	2	2
11	2025-11-12 23:57:16.320943+05:30	72	2	\N	\N	{}			f		2	3
12	2025-11-12 23:57:18.398652+05:30	73	2.1	\N	\N	{}			f		2	3
13	2025-11-12 23:57:20.48708+05:30	74	2.2	\N	\N	{}			f		2	3
14	2025-11-12 23:57:24.700932+05:30	95	8.5	\N	\N	{}			t	Temperature anomaly: 95.0°C (normal: 73.0±0.8); Vibration anomaly: 8.5 (normal: 2.1±0.1)	2	3
15	2025-11-13 00:37:22.843761+05:30	70	2	45	\N	{}			f		4	1
16	2025-11-13 00:37:22.845774+05:30	72	2.2	45	\N	{}			f		4	1
17	2025-11-13 00:37:22.846774+05:30	74	2.4	45	\N	{}			f		4	1
18	2025-11-13 00:37:22.847772+05:30	76	2.6	45	\N	{}			f		4	1
19	2025-11-13 00:37:22.847772+05:30	78	2.8	45	\N	{}			f		4	1
20	2025-11-13 00:37:22.854571+05:30	70	2	45	\N	{}			f		4	4
21	2025-11-13 00:37:22.855571+05:30	72	2.2	45	\N	{}			f		4	4
22	2025-11-13 00:37:22.856571+05:30	74	2.4	45	\N	{}			f		4	4
23	2025-11-13 00:37:22.856571+05:30	76	2.6	45	\N	{}			f		4	4
24	2025-11-13 00:37:22.858574+05:30	78	2.8	45	\N	{}			f		4	4
25	2025-11-13 00:37:22.859575+05:30	70	2	45	\N	{}			f		4	7
26	2025-11-13 00:37:22.859575+05:30	72	2.2	45	\N	{}			f		4	7
27	2025-11-13 00:37:22.861573+05:30	74	2.4	45	\N	{}			f		4	7
28	2025-11-13 00:37:22.862576+05:30	76	2.6	45	\N	{}			f		4	7
29	2025-11-13 00:37:22.863573+05:30	78	2.8	45	\N	{}			f		4	7
30	2025-11-13 00:43:16.463254+05:30	85	3.5	42	\N	{}			t	Oil pressure anomaly: 42.0 (normal: 45.0±0.0)	2	1
31	2025-11-13 00:48:46.056596+05:30	85	3.5	42	\N	{}			t	Oil pressure anomaly: 42.0 (normal: 45.0±0.0)	2	1
32	2025-11-13 13:58:23.503876+05:30	50	1.5	48	\N	{}			f		2	8
33	2025-11-13 14:48:44.578613+05:30	54	1.5	56	1200	{}			t	Temperature anomaly: 54.0°C (normal: 77.4±8.6); Oil pressure anomaly: 56.0 (normal: 45.0±0.0)	2	1
34	2025-11-13 21:03:34.440779+05:30	1.7	-0.2	3.1	23	{}			t	Temperature anomaly: 1.7°C (normal: 77.4±8.6); Oil pressure anomaly: 3.1 (normal: 45.0±0.0)	2	1
\.


--
-- Data for Name: machines; Type: TABLE DATA; Schema: public; Owner: postgres
--

COPY public.machines (id, machine_id, machine_name, machine_type, manufacturer, model_number, location, installation_date, warranty_expiry, status, maintenance_frequency_days, last_maintenance_date, next_maintenance_date, specifications, manual_document, machine_photo, qr_code, created_at, updated_at, created_by_id) FROM stdin;
2	TEST-1762971976	Test CNC Machine	CNC			Floor A	2024-01-01	\N	OPERATIONAL	30	2024-01-15	2024-02-14	{}			qr_codes/qr_TEST-1762971976.png	2025-11-12 23:56:18.516667+05:30	2025-11-12 23:56:20.638567+05:30	2
3	TEST-1762972030	Test CNC Machine	CNC			Floor A	2024-01-01	\N	OPERATIONAL	30	2025-11-07	2025-12-07	{}			qr_codes/qr_TEST-1762972030.png	2025-11-12 23:57:12.122147+05:30	2025-11-12 23:57:14.22648+05:30	2
5	INJ-001	Injection Molding Unit 1	Injection Molding			Shop Floor B	2023-01-15	\N	OPERATIONAL	30	2025-10-19	2025-11-18	{}				2025-11-13 00:37:22.835967+05:30	2025-11-13 00:37:22.835967+05:30	3
6	INJ-002	Injection Molding Unit 2	Injection Molding			Shop Floor B	2023-01-15	\N	OPERATIONAL	30	2025-10-09	2025-11-08	{}				2025-11-13 00:37:22.838963+05:30	2025-11-13 00:37:22.838963+05:30	3
7	CONV-001	Conveyor Belt System	Conveyor			Assembly Line	2023-01-15	\N	OPERATIONAL	30	2025-11-03	2025-12-03	{}				2025-11-13 00:37:22.84099+05:30	2025-11-13 00:37:22.84099+05:30	3
8	CNC-556	CNC Milling Machine	CNC Machine	Anuj Industries	ABC1555	Floor B	2025-10-21	2026-03-26	OPERATIONAL	10	\N	\N	{}			qr_codes/qr_CNC-556_7RFZphQ.png	2025-11-13 13:57:33.926001+05:30	2025-11-13 14:00:54.676792+05:30	2
1	CNC-001	CNC Machine	CNC			Floor A	2024-01-01	\N	OPERATIONAL	30	2024-01-01	2024-01-31	{}			qr_codes/qr_CNC-001_UAjV3gu.png	2025-11-12 23:53:27.138036+05:30	2025-11-13 14:29:47.983912+05:30	2
4	CNC-002	CNC Milling Machine	CNC			Shop Floor A	2023-01-15	\N	OPERATIONAL	30	2025-10-29	2025-11-28	{}			qr_codes/qr_CNC-002_5sAbhRa.png	2025-11-13 00:37:22.830921+05:30	2025-11-13 21:03:49.97962+05:30	3
\.


--
-- Data for Name: spare_part_usage; Type: TABLE DATA; Schema: public; Owner: postgres
--

COPY public.spare_part_usage (id, quantity_used, notes, recorded_at, spare_part_id, work_order_id) FROM stdin;
\.


--
-- Data for Name: spare_parts; Type: TABLE DATA; Schema: public; Owner: postgres
--

COPY public.spare_parts (id, part_id, part_name, description, quantity_in_stock, minimum_stock_level, unit_cost, supplier_name, supplier_contact, created_at, updated_at) FROM stdin;
1	PART-001	Oil Filter		25	10	250.00	ABC Industrial Supplies	9876543210	2025-11-13 00:37:22.868086+05:30	2025-11-13 00:37:22.868086+05:30
2	PART-002	Hydraulic Oil (5L)		8	15	1200.00	ABC Industrial Supplies	9876543210	2025-11-13 00:37:22.872098+05:30	2025-11-13 00:37:22.872098+05:30
4	PART-004	Coolant (10L)		30	10	800.00	ABC Industrial Supplies	9876543210	2025-11-13 00:37:22.875213+05:30	2025-11-13 00:37:22.875213+05:30
5	PART-005	Drive Belt		5	8	1500.00	ABC Industrial Supplies	9876543210	2025-11-13 00:37:22.876255+05:30	2025-11-13 00:37:22.876255+05:30
6	BRG-001	Bearing Set		15	10	250.00			2025-11-13 13:02:02.78894+05:30	2025-11-13 13:02:02.78894+05:30
7	OIL-001	Hydraulic Oil		3	5	150.00			2025-11-13 13:02:02.794939+05:30	2025-11-13 13:02:02.794939+05:30
9	SEAL-001	Seal Kit		20	8	45.00			2025-11-13 13:02:02.797632+05:30	2025-11-13 13:02:02.797632+05:30
11	ROD-001	Piston Rod		2	2	200.00	Anuj Industries		2025-11-13 13:23:41.504017+05:30	2025-11-13 13:23:41.504017+05:30
8	BELT-001	Drive Belt		4	5	80.00			2025-11-13 13:02:02.796467+05:30	2025-11-13 13:02:02.796467+05:30
3	PART-003	Bearing Set		32	5	3500.00	ABC Industrial Supplies	9876543210	2025-11-13 00:37:22.873602+05:30	2025-11-13 00:37:22.873602+05:30
10	FILTER-001	Air Filter		123	6	35.00			2025-11-13 13:02:02.799641+05:30	2025-11-13 13:02:02.799641+05:30
\.


--
-- Data for Name: spare_parts_compatible_machines; Type: TABLE DATA; Schema: public; Owner: postgres
--

COPY public.spare_parts_compatible_machines (id, sparepart_id, machine_id) FROM stdin;
\.


--
-- Data for Name: users; Type: TABLE DATA; Schema: public; Owner: postgres
--

COPY public.users (id, password, last_login, is_superuser, username, first_name, last_name, email, is_staff, is_active, date_joined, role, phone_number, factory_location, profile_photo) FROM stdin;
1	pbkdf2_sha256$870000$SGQvyV6dzNfWyx9oGIxl2J$XFuP6uV6drgSZOydwS4Hwi8keveSiK2n/M8DA4h3x8Y=	2025-11-12 23:49:08.266491+05:30	t	avi			avi@mail.com	t	t	2025-11-12 23:09:49.674746+05:30	TECHNICIAN			
2	pbkdf2_sha256$870000$2JbdV7aF5FB760ctacSQWl$obPCGMARaqV5ZM0wWDTseZiTGhHcmc7bNAyN2EAs0a8=	\N	f	admin	Avi	Patil	admin@mail.com	f	t	2025-11-12 23:16:30.628954+05:30	ADMIN	8788131898	Kolhapur Plant	
3	pbkdf2_sha256$870000$8QPdud9MnhMObdmivQNoMf$tIciPsvAUJIBclI4uPtg5nWFLW8HR2kthOiH45hATUQ=	\N	f	supervisor	John	Supervisor	supervisor@mail.com	f	t	2025-11-13 00:37:22.25725+05:30	SUPERVISOR			
4	pbkdf2_sha256$870000$6nADvrjIheeefw5ZnI6eKm$MoI0umX6w/UzbIIpK6sJzzqyYvJiyBrqa7oDqHM3hPQ=	\N	f	tech	Raj	Kumar	tech@mail.com	f	t	2025-11-13 00:37:22.543103+05:30	TECHNICIAN			
\.


--
-- Data for Name: users_groups; Type: TABLE DATA; Schema: public; Owner: postgres
--

COPY public.users_groups (id, customuser_id, group_id) FROM stdin;
\.


--
-- Data for Name: users_user_permissions; Type: TABLE DATA; Schema: public; Owner: postgres
--

COPY public.users_user_permissions (id, customuser_id, permission_id) FROM stdin;
\.


--
-- Data for Name: work_orders; Type: TABLE DATA; Schema: public; Owner: postgres
--

COPY public.work_orders (id, work_order_id, title, description, status, priority, scheduled_date, started_at, completed_at, labor_hours, labor_cost, parts_cost, completion_notes, digital_signature, created_at, updated_at, assigned_to_id, created_by_id, machine_id) FROM stdin;
1	WO-2024-001	Monthly Preventive Maintenance	Routine maintenance for CNC Machine	COMPLETED	MEDIUM	2025-11-11	\N	\N	0	2500.00	1200.00			2025-11-13 00:37:22.888051+05:30	2025-11-13 00:37:22.888051+05:30	4	3	1
2	WO-2024-002	Oil Change and Filter Replacement	Routine maintenance for CNC Milling Machine	IN_PROGRESS	MEDIUM	2025-11-13	\N	\N	0	2500.00	1200.00			2025-11-13 00:37:22.891502+05:30	2025-11-13 00:37:22.891502+05:30	4	3	4
3	WO-2024-003	Scheduled Inspection	Routine maintenance for Conveyor Belt System	PENDING	MEDIUM	2025-11-15	\N	\N	0	2500.00	1200.00			2025-11-13 00:37:22.893503+05:30	2025-11-13 00:37:22.893503+05:30	4	3	7
4	WO-001	Routine Maintenance	Regular maintenance check	COMPLETED	MEDIUM	2025-11-08	\N	\N	0	500.00	200.00			2025-11-13 13:02:02.808644+05:30	2025-11-13 13:02:02.808644+05:30	4	3	1
5	WO-002	Emergency Repair	Hydraulic system failure	IN_PROGRESS	CRITICAL	2025-11-13	\N	\N	0	0.00	0.00			2025-11-13 13:02:02.81364+05:30	2025-11-13 13:02:02.81364+05:30	4	3	6
6	WO-003	Belt Replacement	Replace worn drive belt	PENDING	HIGH	2025-11-15	\N	\N	0	0.00	0.00			2025-11-13 13:02:02.814857+05:30	2025-11-13 13:02:02.814857+05:30	4	3	7
\.


--
-- Name: auth_group_id_seq; Type: SEQUENCE SET; Schema: public; Owner: postgres
--

SELECT pg_catalog.setval('public.auth_group_id_seq', 1, false);


--
-- Name: auth_group_permissions_id_seq; Type: SEQUENCE SET; Schema: public; Owner: postgres
--

SELECT pg_catalog.setval('public.auth_group_permissions_id_seq', 1, false);


--
-- Name: auth_permission_id_seq; Type: SEQUENCE SET; Schema: public; Owner: postgres
--

SELECT pg_catalog.setval('public.auth_permission_id_seq', 44, true);


--
-- Name: django_admin_log_id_seq; Type: SEQUENCE SET; Schema: public; Owner: postgres
--

SELECT pg_catalog.setval('public.django_admin_log_id_seq', 1, false);


--
-- Name: django_content_type_id_seq; Type: SEQUENCE SET; Schema: public; Owner: postgres
--

SELECT pg_catalog.setval('public.django_content_type_id_seq', 11, true);


--
-- Name: django_migrations_id_seq; Type: SEQUENCE SET; Schema: public; Owner: postgres
--

SELECT pg_catalog.setval('public.django_migrations_id_seq', 21, true);


--
-- Name: machine_readings_id_seq; Type: SEQUENCE SET; Schema: public; Owner: postgres
--

SELECT pg_catalog.setval('public.machine_readings_id_seq', 34, true);


--
-- Name: machines_id_seq; Type: SEQUENCE SET; Schema: public; Owner: postgres
--

SELECT pg_catalog.setval('public.machines_id_seq', 8, true);


--
-- Name: spare_part_usage_id_seq; Type: SEQUENCE SET; Schema: public; Owner: postgres
--

SELECT pg_catalog.setval('public.spare_part_usage_id_seq', 1, false);


--
-- Name: spare_parts_compatible_machines_id_seq; Type: SEQUENCE SET; Schema: public; Owner: postgres
--

SELECT pg_catalog.setval('public.spare_parts_compatible_machines_id_seq', 1, false);


--
-- Name: spare_parts_id_seq; Type: SEQUENCE SET; Schema: public; Owner: postgres
--

SELECT pg_catalog.setval('public.spare_parts_id_seq', 11, true);


--
-- Name: users_groups_id_seq; Type: SEQUENCE SET; Schema: public; Owner: postgres
--

SELECT pg_catalog.setval('public.users_groups_id_seq', 1, false);


--
-- Name: users_id_seq; Type: SEQUENCE SET; Schema: public; Owner: postgres
--

SELECT pg_catalog.setval('public.users_id_seq', 4, true);


--
-- Name: users_user_permissions_id_seq; Type: SEQUENCE SET; Schema: public; Owner: postgres
--

SELECT pg_catalog.setval('public.users_user_permissions_id_seq', 1, false);


--
-- Name: work_orders_id_seq; Type: SEQUENCE SET; Schema: public; Owner: postgres
--

SELECT pg_catalog.setval('public.work_orders_id_seq', 6, true);


--
-- Name: auth_group auth_group_name_key; Type: CONSTRAINT; Schema: public; Owner: postgres
--

ALTER TABLE ONLY public.auth_group
    ADD CONSTRAINT auth_group_name_key UNIQUE (name);


--
-- Name: auth_group_permissions auth_group_permissions_group_id_permission_id_0cd325b0_uniq; Type: CONSTRAINT; Schema: public; Owner: postgres
--

ALTER TABLE ONLY public.auth_group_permissions
    ADD CONSTRAINT auth_group_permissions_group_id_permission_id_0cd325b0_uniq UNIQUE (group_id, permission_id);


--
-- Name: auth_group_permissions auth_group_permissions_pkey; Type: CONSTRAINT; Schema: public; Owner: postgres
--

ALTER TABLE ONLY public.auth_group_permissions
    ADD CONSTRAINT auth_group_permissions_pkey PRIMARY KEY (id);


--
-- Name: auth_group auth_group_pkey; Type: CONSTRAINT; Schema: public; Owner: postgres
--

ALTER TABLE ONLY public.auth_group
    ADD CONSTRAINT auth_group_pkey PRIMARY KEY (id);


--
-- Name: auth_permission auth_permission_content_type_id_codename_01ab375a_uniq; Type: CONSTRAINT; Schema: public; Owner: postgres
--

ALTER TABLE ONLY public.auth_permission
    ADD CONSTRAINT auth_permission_content_type_id_codename_01ab375a_uniq UNIQUE (content_type_id, codename);


--
-- Name: auth_permission auth_permission_pkey; Type: CONSTRAINT; Schema: public; Owner: postgres
--

ALTER TABLE ONLY public.auth_permission
    ADD CONSTRAINT auth_permission_pkey PRIMARY KEY (id);


--
-- Name: django_admin_log django_admin_log_pkey; Type: CONSTRAINT; Schema: public; Owner: postgres
--

ALTER TABLE ONLY public.django_admin_log
    ADD CONSTRAINT django_admin_log_pkey PRIMARY KEY (id);


--
-- Name: django_content_type django_content_type_app_label_model_76bd3d3b_uniq; Type: CONSTRAINT; Schema: public; Owner: postgres
--

ALTER TABLE ONLY public.django_content_type
    ADD CONSTRAINT django_content_type_app_label_model_76bd3d3b_uniq UNIQUE (app_label, model);


--
-- Name: django_content_type django_content_type_pkey; Type: CONSTRAINT; Schema: public; Owner: postgres
--

ALTER TABLE ONLY public.django_content_type
    ADD CONSTRAINT django_content_type_pkey PRIMARY KEY (id);


--
-- Name: django_migrations django_migrations_pkey; Type: CONSTRAINT; Schema: public; Owner: postgres
--

ALTER TABLE ONLY public.django_migrations
    ADD CONSTRAINT django_migrations_pkey PRIMARY KEY (id);


--
-- Name: django_session django_session_pkey; Type: CONSTRAINT; Schema: public; Owner: postgres
--

ALTER TABLE ONLY public.django_session
    ADD CONSTRAINT django_session_pkey PRIMARY KEY (session_key);


--
-- Name: machine_readings machine_readings_pkey; Type: CONSTRAINT; Schema: public; Owner: postgres
--

ALTER TABLE ONLY public.machine_readings
    ADD CONSTRAINT machine_readings_pkey PRIMARY KEY (id);


--
-- Name: machines machines_machine_id_key; Type: CONSTRAINT; Schema: public; Owner: postgres
--

ALTER TABLE ONLY public.machines
    ADD CONSTRAINT machines_machine_id_key UNIQUE (machine_id);


--
-- Name: machines machines_pkey; Type: CONSTRAINT; Schema: public; Owner: postgres
--

ALTER TABLE ONLY public.machines
    ADD CONSTRAINT machines_pkey PRIMARY KEY (id);


--
-- Name: spare_part_usage spare_part_usage_pkey; Type: CONSTRAINT; Schema: public; Owner: postgres
--

ALTER TABLE ONLY public.spare_part_usage
    ADD CONSTRAINT spare_part_usage_pkey PRIMARY KEY (id);


--
-- Name: spare_parts_compatible_machines spare_parts_compatible_m_sparepart_id_machine_id_24592dc1_uniq; Type: CONSTRAINT; Schema: public; Owner: postgres
--

ALTER TABLE ONLY public.spare_parts_compatible_machines
    ADD CONSTRAINT spare_parts_compatible_m_sparepart_id_machine_id_24592dc1_uniq UNIQUE (sparepart_id, machine_id);


--
-- Name: spare_parts_compatible_machines spare_parts_compatible_machines_pkey; Type: CONSTRAINT; Schema: public; Owner: postgres
--

ALTER TABLE ONLY public.spare_parts_compatible_machines
    ADD CONSTRAINT spare_parts_compatible_machines_pkey PRIMARY KEY (id);


--
-- Name: spare_parts spare_parts_part_id_key; Type: CONSTRAINT; Schema: public; Owner: postgres
--

ALTER TABLE ONLY public.spare_parts
    ADD CONSTRAINT spare_parts_part_id_key UNIQUE (part_id);


--
-- Name: spare_parts spare_parts_pkey; Type: CONSTRAINT; Schema: public; Owner: postgres
--

ALTER TABLE ONLY public.spare_parts
    ADD CONSTRAINT spare_parts_pkey PRIMARY KEY (id);


--
-- Name: users_groups users_groups_customuser_id_group_id_927de924_uniq; Type: CONSTRAINT; Schema: public; Owner: postgres
--

ALTER TABLE ONLY public.users_groups
    ADD CONSTRAINT users_groups_customuser_id_group_id_927de924_uniq UNIQUE (customuser_id, group_id);


--
-- Name: users_groups users_groups_pkey; Type: CONSTRAINT; Schema: public; Owner: postgres
--

ALTER TABLE ONLY public.users_groups
    ADD CONSTRAINT users_groups_pkey PRIMARY KEY (id);


--
-- Name: users users_pkey; Type: CONSTRAINT; Schema: public; Owner: postgres
--

ALTER TABLE ONLY public.users
    ADD CONSTRAINT users_pkey PRIMARY KEY (id);


--
-- Name: users_user_permissions users_user_permissions_customuser_id_permission_2b4e4e39_uniq; Type: CONSTRAINT; Schema: public; Owner: postgres
--

ALTER TABLE ONLY public.users_user_permissions
    ADD CONSTRAINT users_user_permissions_customuser_id_permission_2b4e4e39_uniq UNIQUE (customuser_id, permission_id);


--
-- Name: users_user_permissions users_user_permissions_pkey; Type: CONSTRAINT; Schema: public; Owner: postgres
--

ALTER TABLE ONLY public.users_user_permissions
    ADD CONSTRAINT users_user_permissions_pkey PRIMARY KEY (id);


--
-- Name: users users_username_key; Type: CONSTRAINT; Schema: public; Owner: postgres
--

ALTER TABLE ONLY public.users
    ADD CONSTRAINT users_username_key UNIQUE (username);


--
-- Name: work_orders work_orders_pkey; Type: CONSTRAINT; Schema: public; Owner: postgres
--

ALTER TABLE ONLY public.work_orders
    ADD CONSTRAINT work_orders_pkey PRIMARY KEY (id);


--
-- Name: work_orders work_orders_work_order_id_key; Type: CONSTRAINT; Schema: public; Owner: postgres
--

ALTER TABLE ONLY public.work_orders
    ADD CONSTRAINT work_orders_work_order_id_key UNIQUE (work_order_id);


--
-- Name: auth_group_name_a6ea08ec_like; Type: INDEX; Schema: public; Owner: postgres
--

CREATE INDEX auth_group_name_a6ea08ec_like ON public.auth_group USING btree (name varchar_pattern_ops);


--
-- Name: auth_group_permissions_group_id_b120cbf9; Type: INDEX; Schema: public; Owner: postgres
--

CREATE INDEX auth_group_permissions_group_id_b120cbf9 ON public.auth_group_permissions USING btree (group_id);


--
-- Name: auth_group_permissions_permission_id_84c5c92e; Type: INDEX; Schema: public; Owner: postgres
--

CREATE INDEX auth_group_permissions_permission_id_84c5c92e ON public.auth_group_permissions USING btree (permission_id);


--
-- Name: auth_permission_content_type_id_2f476e4b; Type: INDEX; Schema: public; Owner: postgres
--

CREATE INDEX auth_permission_content_type_id_2f476e4b ON public.auth_permission USING btree (content_type_id);


--
-- Name: django_admin_log_content_type_id_c4bce8eb; Type: INDEX; Schema: public; Owner: postgres
--

CREATE INDEX django_admin_log_content_type_id_c4bce8eb ON public.django_admin_log USING btree (content_type_id);


--
-- Name: django_admin_log_user_id_c564eba6; Type: INDEX; Schema: public; Owner: postgres
--

CREATE INDEX django_admin_log_user_id_c564eba6 ON public.django_admin_log USING btree (user_id);


--
-- Name: django_session_expire_date_a5c62663; Type: INDEX; Schema: public; Owner: postgres
--

CREATE INDEX django_session_expire_date_a5c62663 ON public.django_session USING btree (expire_date);


--
-- Name: django_session_session_key_c0390e0f_like; Type: INDEX; Schema: public; Owner: postgres
--

CREATE INDEX django_session_session_key_c0390e0f_like ON public.django_session USING btree (session_key varchar_pattern_ops);


--
-- Name: machine_rea_is_anom_8edb38_idx; Type: INDEX; Schema: public; Owner: postgres
--

CREATE INDEX machine_rea_is_anom_8edb38_idx ON public.machine_readings USING btree (is_anomaly);


--
-- Name: machine_rea_machine_86c97a_idx; Type: INDEX; Schema: public; Owner: postgres
--

CREATE INDEX machine_rea_machine_86c97a_idx ON public.machine_readings USING btree (machine_id, "timestamp" DESC);


--
-- Name: machine_rea_timesta_dc6584_idx; Type: INDEX; Schema: public; Owner: postgres
--

CREATE INDEX machine_rea_timesta_dc6584_idx ON public.machine_readings USING btree ("timestamp" DESC);


--
-- Name: machine_readings_is_anomaly_79f235e8; Type: INDEX; Schema: public; Owner: postgres
--

CREATE INDEX machine_readings_is_anomaly_79f235e8 ON public.machine_readings USING btree (is_anomaly);


--
-- Name: machine_readings_logged_by_id_b27f1d8c; Type: INDEX; Schema: public; Owner: postgres
--

CREATE INDEX machine_readings_logged_by_id_b27f1d8c ON public.machine_readings USING btree (logged_by_id);


--
-- Name: machine_readings_machine_id_6f0bdd37; Type: INDEX; Schema: public; Owner: postgres
--

CREATE INDEX machine_readings_machine_id_6f0bdd37 ON public.machine_readings USING btree (machine_id);


--
-- Name: machine_readings_timestamp_8c778522; Type: INDEX; Schema: public; Owner: postgres
--

CREATE INDEX machine_readings_timestamp_8c778522 ON public.machine_readings USING btree ("timestamp");


--
-- Name: machines_created_by_id_6a236312; Type: INDEX; Schema: public; Owner: postgres
--

CREATE INDEX machines_created_by_id_6a236312 ON public.machines USING btree (created_by_id);


--
-- Name: machines_machine_086afd_idx; Type: INDEX; Schema: public; Owner: postgres
--

CREATE INDEX machines_machine_086afd_idx ON public.machines USING btree (machine_id);


--
-- Name: machines_machine_id_a89ab93a_like; Type: INDEX; Schema: public; Owner: postgres
--

CREATE INDEX machines_machine_id_a89ab93a_like ON public.machines USING btree (machine_id varchar_pattern_ops);


--
-- Name: machines_next_ma_fc8f01_idx; Type: INDEX; Schema: public; Owner: postgres
--

CREATE INDEX machines_next_ma_fc8f01_idx ON public.machines USING btree (next_maintenance_date);


--
-- Name: machines_next_maintenance_date_dcb1a55c; Type: INDEX; Schema: public; Owner: postgres
--

CREATE INDEX machines_next_maintenance_date_dcb1a55c ON public.machines USING btree (next_maintenance_date);


--
-- Name: machines_status_83686b_idx; Type: INDEX; Schema: public; Owner: postgres
--

CREATE INDEX machines_status_83686b_idx ON public.machines USING btree (status);


--
-- Name: spare_part_usage_spare_part_id_4e03b678; Type: INDEX; Schema: public; Owner: postgres
--

CREATE INDEX spare_part_usage_spare_part_id_4e03b678 ON public.spare_part_usage USING btree (spare_part_id);


--
-- Name: spare_part_usage_work_order_id_a01122b2; Type: INDEX; Schema: public; Owner: postgres
--

CREATE INDEX spare_part_usage_work_order_id_a01122b2 ON public.spare_part_usage USING btree (work_order_id);


--
-- Name: spare_parts_compatible_machines_machine_id_203765d0; Type: INDEX; Schema: public; Owner: postgres
--

CREATE INDEX spare_parts_compatible_machines_machine_id_203765d0 ON public.spare_parts_compatible_machines USING btree (machine_id);


--
-- Name: spare_parts_compatible_machines_sparepart_id_76dc19c2; Type: INDEX; Schema: public; Owner: postgres
--

CREATE INDEX spare_parts_compatible_machines_sparepart_id_76dc19c2 ON public.spare_parts_compatible_machines USING btree (sparepart_id);


--
-- Name: spare_parts_part_id_2e36f4e8_like; Type: INDEX; Schema: public; Owner: postgres
--

CREATE INDEX spare_parts_part_id_2e36f4e8_like ON public.spare_parts USING btree (part_id varchar_pattern_ops);


--
-- Name: users_groups_customuser_id_4bd991a9; Type: INDEX; Schema: public; Owner: postgres
--

CREATE INDEX users_groups_customuser_id_4bd991a9 ON public.users_groups USING btree (customuser_id);


--
-- Name: users_groups_group_id_2f3517aa; Type: INDEX; Schema: public; Owner: postgres
--

CREATE INDEX users_groups_group_id_2f3517aa ON public.users_groups USING btree (group_id);


--
-- Name: users_user_permissions_customuser_id_efdb305c; Type: INDEX; Schema: public; Owner: postgres
--

CREATE INDEX users_user_permissions_customuser_id_efdb305c ON public.users_user_permissions USING btree (customuser_id);


--
-- Name: users_user_permissions_permission_id_6d08dcd2; Type: INDEX; Schema: public; Owner: postgres
--

CREATE INDEX users_user_permissions_permission_id_6d08dcd2 ON public.users_user_permissions USING btree (permission_id);


--
-- Name: users_username_e8658fc8_like; Type: INDEX; Schema: public; Owner: postgres
--

CREATE INDEX users_username_e8658fc8_like ON public.users USING btree (username varchar_pattern_ops);


--
-- Name: work_orders_assigned_to_id_f36f647b; Type: INDEX; Schema: public; Owner: postgres
--

CREATE INDEX work_orders_assigned_to_id_f36f647b ON public.work_orders USING btree (assigned_to_id);


--
-- Name: work_orders_created_by_id_56036c31; Type: INDEX; Schema: public; Owner: postgres
--

CREATE INDEX work_orders_created_by_id_56036c31 ON public.work_orders USING btree (created_by_id);


--
-- Name: work_orders_machine_id_bfe6e471; Type: INDEX; Schema: public; Owner: postgres
--

CREATE INDEX work_orders_machine_id_bfe6e471 ON public.work_orders USING btree (machine_id);


--
-- Name: work_orders_schedul_a0bdce_idx; Type: INDEX; Schema: public; Owner: postgres
--

CREATE INDEX work_orders_schedul_a0bdce_idx ON public.work_orders USING btree (scheduled_date);


--
-- Name: work_orders_scheduled_date_04adab65; Type: INDEX; Schema: public; Owner: postgres
--

CREATE INDEX work_orders_scheduled_date_04adab65 ON public.work_orders USING btree (scheduled_date);


--
-- Name: work_orders_status_3f6c76_idx; Type: INDEX; Schema: public; Owner: postgres
--

CREATE INDEX work_orders_status_3f6c76_idx ON public.work_orders USING btree (status);


--
-- Name: work_orders_status_91e6cd65; Type: INDEX; Schema: public; Owner: postgres
--

CREATE INDEX work_orders_status_91e6cd65 ON public.work_orders USING btree (status);


--
-- Name: work_orders_status_91e6cd65_like; Type: INDEX; Schema: public; Owner: postgres
--

CREATE INDEX work_orders_status_91e6cd65_like ON public.work_orders USING btree (status varchar_pattern_ops);


--
-- Name: work_orders_work_or_00e7aa_idx; Type: INDEX; Schema: public; Owner: postgres
--

CREATE INDEX work_orders_work_or_00e7aa_idx ON public.work_orders USING btree (work_order_id);


--
-- Name: work_orders_work_order_id_882e6ab8_like; Type: INDEX; Schema: public; Owner: postgres
--

CREATE INDEX work_orders_work_order_id_882e6ab8_like ON public.work_orders USING btree (work_order_id varchar_pattern_ops);


--
-- Name: auth_group_permissions auth_group_permissio_permission_id_84c5c92e_fk_auth_perm; Type: FK CONSTRAINT; Schema: public; Owner: postgres
--

ALTER TABLE ONLY public.auth_group_permissions
    ADD CONSTRAINT auth_group_permissio_permission_id_84c5c92e_fk_auth_perm FOREIGN KEY (permission_id) REFERENCES public.auth_permission(id) DEFERRABLE INITIALLY DEFERRED;


--
-- Name: auth_group_permissions auth_group_permissions_group_id_b120cbf9_fk_auth_group_id; Type: FK CONSTRAINT; Schema: public; Owner: postgres
--

ALTER TABLE ONLY public.auth_group_permissions
    ADD CONSTRAINT auth_group_permissions_group_id_b120cbf9_fk_auth_group_id FOREIGN KEY (group_id) REFERENCES public.auth_group(id) DEFERRABLE INITIALLY DEFERRED;


--
-- Name: auth_permission auth_permission_content_type_id_2f476e4b_fk_django_co; Type: FK CONSTRAINT; Schema: public; Owner: postgres
--

ALTER TABLE ONLY public.auth_permission
    ADD CONSTRAINT auth_permission_content_type_id_2f476e4b_fk_django_co FOREIGN KEY (content_type_id) REFERENCES public.django_content_type(id) DEFERRABLE INITIALLY DEFERRED;


--
-- Name: django_admin_log django_admin_log_content_type_id_c4bce8eb_fk_django_co; Type: FK CONSTRAINT; Schema: public; Owner: postgres
--

ALTER TABLE ONLY public.django_admin_log
    ADD CONSTRAINT django_admin_log_content_type_id_c4bce8eb_fk_django_co FOREIGN KEY (content_type_id) REFERENCES public.django_content_type(id) DEFERRABLE INITIALLY DEFERRED;


--
-- Name: django_admin_log django_admin_log_user_id_c564eba6_fk_users_id; Type: FK CONSTRAINT; Schema: public; Owner: postgres
--

ALTER TABLE ONLY public.django_admin_log
    ADD CONSTRAINT django_admin_log_user_id_c564eba6_fk_users_id FOREIGN KEY (user_id) REFERENCES public.users(id) DEFERRABLE INITIALLY DEFERRED;


--
-- Name: machine_readings machine_readings_logged_by_id_b27f1d8c_fk_users_id; Type: FK CONSTRAINT; Schema: public; Owner: postgres
--

ALTER TABLE ONLY public.machine_readings
    ADD CONSTRAINT machine_readings_logged_by_id_b27f1d8c_fk_users_id FOREIGN KEY (logged_by_id) REFERENCES public.users(id) DEFERRABLE INITIALLY DEFERRED;


--
-- Name: machine_readings machine_readings_machine_id_6f0bdd37_fk_machines_id; Type: FK CONSTRAINT; Schema: public; Owner: postgres
--

ALTER TABLE ONLY public.machine_readings
    ADD CONSTRAINT machine_readings_machine_id_6f0bdd37_fk_machines_id FOREIGN KEY (machine_id) REFERENCES public.machines(id) DEFERRABLE INITIALLY DEFERRED;


--
-- Name: machines machines_created_by_id_6a236312_fk_users_id; Type: FK CONSTRAINT; Schema: public; Owner: postgres
--

ALTER TABLE ONLY public.machines
    ADD CONSTRAINT machines_created_by_id_6a236312_fk_users_id FOREIGN KEY (created_by_id) REFERENCES public.users(id) DEFERRABLE INITIALLY DEFERRED;


--
-- Name: spare_part_usage spare_part_usage_spare_part_id_4e03b678_fk_spare_parts_id; Type: FK CONSTRAINT; Schema: public; Owner: postgres
--

ALTER TABLE ONLY public.spare_part_usage
    ADD CONSTRAINT spare_part_usage_spare_part_id_4e03b678_fk_spare_parts_id FOREIGN KEY (spare_part_id) REFERENCES public.spare_parts(id) DEFERRABLE INITIALLY DEFERRED;


--
-- Name: spare_part_usage spare_part_usage_work_order_id_a01122b2_fk_work_orders_id; Type: FK CONSTRAINT; Schema: public; Owner: postgres
--

ALTER TABLE ONLY public.spare_part_usage
    ADD CONSTRAINT spare_part_usage_work_order_id_a01122b2_fk_work_orders_id FOREIGN KEY (work_order_id) REFERENCES public.work_orders(id) DEFERRABLE INITIALLY DEFERRED;


--
-- Name: spare_parts_compatible_machines spare_parts_compatib_machine_id_203765d0_fk_machines_; Type: FK CONSTRAINT; Schema: public; Owner: postgres
--

ALTER TABLE ONLY public.spare_parts_compatible_machines
    ADD CONSTRAINT spare_parts_compatib_machine_id_203765d0_fk_machines_ FOREIGN KEY (machine_id) REFERENCES public.machines(id) DEFERRABLE INITIALLY DEFERRED;


--
-- Name: spare_parts_compatible_machines spare_parts_compatib_sparepart_id_76dc19c2_fk_spare_par; Type: FK CONSTRAINT; Schema: public; Owner: postgres
--

ALTER TABLE ONLY public.spare_parts_compatible_machines
    ADD CONSTRAINT spare_parts_compatib_sparepart_id_76dc19c2_fk_spare_par FOREIGN KEY (sparepart_id) REFERENCES public.spare_parts(id) DEFERRABLE INITIALLY DEFERRED;


--
-- Name: users_groups users_groups_customuser_id_4bd991a9_fk_users_id; Type: FK CONSTRAINT; Schema: public; Owner: postgres
--

ALTER TABLE ONLY public.users_groups
    ADD CONSTRAINT users_groups_customuser_id_4bd991a9_fk_users_id FOREIGN KEY (customuser_id) REFERENCES public.users(id) DEFERRABLE INITIALLY DEFERRED;


--
-- Name: users_groups users_groups_group_id_2f3517aa_fk_auth_group_id; Type: FK CONSTRAINT; Schema: public; Owner: postgres
--

ALTER TABLE ONLY public.users_groups
    ADD CONSTRAINT users_groups_group_id_2f3517aa_fk_auth_group_id FOREIGN KEY (group_id) REFERENCES public.auth_group(id) DEFERRABLE INITIALLY DEFERRED;


--
-- Name: users_user_permissions users_user_permissio_permission_id_6d08dcd2_fk_auth_perm; Type: FK CONSTRAINT; Schema: public; Owner: postgres
--

ALTER TABLE ONLY public.users_user_permissions
    ADD CONSTRAINT users_user_permissio_permission_id_6d08dcd2_fk_auth_perm FOREIGN KEY (permission_id) REFERENCES public.auth_permission(id) DEFERRABLE INITIALLY DEFERRED;


--
-- Name: users_user_permissions users_user_permissions_customuser_id_efdb305c_fk_users_id; Type: FK CONSTRAINT; Schema: public; Owner: postgres
--

ALTER TABLE ONLY public.users_user_permissions
    ADD CONSTRAINT users_user_permissions_customuser_id_efdb305c_fk_users_id FOREIGN KEY (customuser_id) REFERENCES public.users(id) DEFERRABLE INITIALLY DEFERRED;


--
-- Name: work_orders work_orders_assigned_to_id_f36f647b_fk_users_id; Type: FK CONSTRAINT; Schema: public; Owner: postgres
--

ALTER TABLE ONLY public.work_orders
    ADD CONSTRAINT work_orders_assigned_to_id_f36f647b_fk_users_id FOREIGN KEY (assigned_to_id) REFERENCES public.users(id) DEFERRABLE INITIALLY DEFERRED;


--
-- Name: work_orders work_orders_created_by_id_56036c31_fk_users_id; Type: FK CONSTRAINT; Schema: public; Owner: postgres
--

ALTER TABLE ONLY public.work_orders
    ADD CONSTRAINT work_orders_created_by_id_56036c31_fk_users_id FOREIGN KEY (created_by_id) REFERENCES public.users(id) DEFERRABLE INITIALLY DEFERRED;


--
-- Name: work_orders work_orders_machine_id_bfe6e471_fk_machines_id; Type: FK CONSTRAINT; Schema: public; Owner: postgres
--

ALTER TABLE ONLY public.work_orders
    ADD CONSTRAINT work_orders_machine_id_bfe6e471_fk_machines_id FOREIGN KEY (machine_id) REFERENCES public.machines(id) DEFERRABLE INITIALLY DEFERRED;


--
-- PostgreSQL database dump complete
--

